Handle,Title,Body (HTML),Vendor,Type,Tags,Published,Option1 Name,Option1 Value,Variant SKU,Variant Grams,Variant Inventory Policy,Variant Fulfillment Service,Variant Price,Variant Compare At Price,Variant Requires Shipping,Variant Taxable,Image Src,Image Position,Image Alt Text,SEO Title,SEO Description,Status
mystery-dumpling,Crazy Fun Rainbow Squishy Bun Mystery Dumpling,"<p>Mystery squishy bao bun sensory fidget toy — slow-rise texture, blind-box fun, and a chance at the super rare Shimmering Starlight Dumpling. Ages 3+.</p><ul><li>This is a Mystery Squishy Bao Bun Sensory Fidget Toy.</li><li>The product is from the brand Crazy Fun.</li><li>It functions as a sensory fidget toy.</li><li>This toy is suitable for ages 3 and up.</li><li>Each package contains 1 set.</li><li>There is a possibility to find a Super Rare Shimmering Starlight Dumpling.</li></ul>",Crazy Fun,Dumplings,"category:Dumplings, badge:Hot",TRUE,Bundle,BUY ONE,mystery-b1,200,continue,manual,16.00,24.00,TRUE,TRUE,https://squishy-bun.com/big1.png,1,Crazy Fun Rainbow Squishy Bun Mystery Dumpling,Crazy Fun Rainbow Squishy Bun Mystery Dumpling,"Mystery squishy bao bun sensory fidget toy — slow-rise texture, blind-box fun, and a chance at the super rare Shimmering Starlight Dumpling. Ages 3+.",active
mystery-dumpling,,,,,,,,"BUY 2, GET 1 FREE",mystery-b21,200,continue,manual,32.00,72.00,TRUE,TRUE,,,,,,
mystery-dumpling,,,,,,,,"BUY 4, GET 2 FREE",mystery-b42,200,continue,manual,63.00,144.00,TRUE,TRUE,,,,,,
mystery-dumpling,,,,,,,,"BUY 6, GET 3 FREE",mystery-b63,200,continue,manual,87.00,216.00,TRUE,TRUE,,,,,,
mystery-dumpling,,,,,,,,"BUY 8, GET 4 FREE",mystery-b84,200,continue,manual,106.00,288.00,TRUE,TRUE,,,,,,
mystery-dumpling,,,,,,,,,,,,,,,,,https://squishy-bun.com/big3.png,2,Crazy Fun Rainbow Squishy Bun Mystery Dumpling,,,
apple-squishy,Apple Squishy,"<p>Sweet, squishy, and satisfying Apple Squishy. A perfect addition to your collection.</p><ul><li>Premium slow-rise PU foam material.</li><li>Sweet Apple-inspired scent for a sensory experience.</li><li>Perfect for stress relief, fidgeting, and desk decoration.</li><li>Vibrant red color with realistic leaf and stem detail.</li><li>Suitable for ages 3 and up.</li></ul>",Crazy Fun,Bakery & Sweets,category:Bakery & Sweets,TRUE,Bundle,BUY ONE,apple-squishy-b1,200,continue,manual,12.00,16.00,TRUE,TRUE,https://squishy-bun.com/Apple1.png,1,Apple Squishy,Apple Squishy,"Sweet, squishy, and satisfying Apple Squishy. A perfect addition to your collection.",active
apple-squishy,,,,,,,,"BUY 2, GET 1 FREE",apple-squishy-b21,200,continue,manual,23.00,48.00,TRUE,TRUE,,,,,,
apple-squishy,,,,,,,,"BUY 3, GET 1 FREE",apple-squishy-b31,200,continue,manual,32.00,64.00,TRUE,TRUE,,,,,,
apple-squishy,,,,,,,,"BUY 4, GET 2 FREE",apple-squishy-b42,200,continue,manual,41.00,96.00,TRUE,TRUE,,,,,,
apple-squishy,,,,,,,,,,,,,,,,,https://squishy-bun.com/Apple2.png,2,Apple Squishy,,,
apple-squishy,,,,,,,,,,,,,,,,,https://squishy-bun.com/Apple3.png,3,Apple Squishy,,,
cheese-square,Cheese Square,"<p>The cheesiest squishy around! Soft, slow-rise Cheese Square that you'll want to squeeze all day.</p><ul><li>Realistic Swiss cheese design with crater holes.</li><li>Premium slow-rise texture that's incredibly satisfying to squeeze.</li><li>Perfect for cheese lovers and fidget toy collectors.</li><li>Durable and high-quality construction.</li><li>Suitable for ages 3 and up.</li></ul>",Crazy Fun,Bakery & Sweets,"category:Bakery & Sweets, badge:Trending",TRUE,Bundle,BUY ONE,cheese-square-b1,200,continue,manual,18.00,24.00,TRUE,TRUE,https://squishy-bun.com/cheese.png,1,Cheese Square,Cheese Square,"The cheesiest squishy around! Soft, slow-rise Cheese Square that you'll want to squeeze all day.",active
cheese-square,,,,,,,,"BUY 2, GET 1 FREE",cheese-square-b21,200,continue,manual,34.00,72.00,TRUE,TRUE,,,,,,
cheese-square,,,,,,,,"BUY 3, GET 1 FREE",cheese-square-b31,200,continue,manual,49.00,96.00,TRUE,TRUE,,,,,,
cheese-square,,,,,,,,"BUY 4, GET 2 FREE",cheese-square-b42,200,continue,manual,61.00,144.00,TRUE,TRUE,,,,,,
gooey-groovy-cubes,Gooey Groovy Cubes (3 Pcs),"<p>Three gooey, squeezable sensory cubes in bright colors — squash them flat, knead them, and watch them slowly snap back. A quiet, satisfying fidget for desks, classrooms, and travel.</p><ul><li>Set of 3 soft sensory cubes in bright assorted colors.</li><li>Gooey, high-density filling inside a smooth, cool-touch shell.</li><li>Completely silent to squeeze — won't disturb anyone nearby.</li><li>Rinse with water now and then to keep them like new.</li><li>Suitable for ages 3 and up.</li></ul>",Crazy Fun,Sensory & ASMR,category:Sensory & ASMR,TRUE,Bundle,BUY ONE,needoh-b1,200,continue,manual,22.00,29.00,TRUE,TRUE,https://squishy-bun.com/needoh1.png,1,Gooey Groovy Cubes (3 Pcs),Gooey Groovy Cubes (3 Pcs),"Three gooey, squeezable sensory cubes in bright colors — squash them flat, knead them, and watch them slowly snap back. A quiet, satisfying fidget for desks, classrooms, and travel.",active
gooey-groovy-cubes,,,,,,,,"BUY 2, GET 1 FREE",needoh-b21,200,continue,manual,42.00,87.00,TRUE,TRUE,,,,,,
gooey-groovy-cubes,,,,,,,,"BUY 3, GET 1 FREE",needoh-b31,200,continue,manual,59.00,116.00,TRUE,TRUE,,,,,,
gooey-groovy-cubes,,,,,,,,"BUY 4, GET 2 FREE",needoh-b42,200,continue,manual,75.00,174.00,TRUE,TRUE,,,,,,
gooey-groovy-cubes,,,,,,,,,,,,,,,,,https://squishy-bun.com/needoh2.png,2,Gooey Groovy Cubes (3 Pcs),,,
butter-squishy,Butter Squishy,"<p>Smooth, satisfying, and oh-so-squishy! The Butter Squishy is the ultimate sensory delight.</p><ul><li>Ultra-soft slow-rise material designed to look like a butter stick.</li><li>Satisfying dough-like texture for deep sensory play.</li><li>Large size makes it great for two-handed squishing.</li><li>Non-toxic and safe for kids and adults.</li><li>Perfect for decompressing after a long day.</li></ul>",Crazy Fun,Bakery & Sweets,category:Bakery & Sweets,TRUE,Bundle,BUY ONE,butter-squishy-b1,200,continue,manual,18.00,24.00,TRUE,TRUE,https://squishy-bun.com/butter.png,1,Butter Squishy,Butter Squishy,"Smooth, satisfying, and oh-so-squishy! The Butter Squishy is the ultimate sensory delight.",active
butter-squishy,,,,,,,,"BUY 2, GET 1 FREE",butter-squishy-b21,200,continue,manual,34.00,72.00,TRUE,TRUE,,,,,,
butter-squishy,,,,,,,,"BUY 3, GET 1 FREE",butter-squishy-b31,200,continue,manual,49.00,96.00,TRUE,TRUE,,,,,,
butter-squishy,,,,,,,,"BUY 4, GET 2 FREE",butter-squishy-b42,200,continue,manual,61.00,144.00,TRUE,TRUE,,,,,,
smiley-dumpling-squishy,Smiley Dumpling Squishy,"<p>The classic. A smiley steamed dumpling that squishes flat and slowly springs back. Your new desk buddy.</p><ul><li>Ultra-soft, slow-rise foam that springs back after every squish.</li><li>Great for quiet fidgeting at a desk or in class.</li><li>Suitable for ages 3 and up.</li><li>Small parts — supervise young children.</li></ul>",Squishy Bun,Dumplings,"category:Dumplings, feel:Soft & slow-rise, badge:Best seller",TRUE,Bundle,BUY ONE,sq-001-b1,200,continue,manual,12.99,17.00,TRUE,TRUE,https://squishy-bun.com/catalog/sq-001.webp,1,Smiley Dumpling Squishy,Smiley Dumpling Squishy,The classic. A smiley steamed dumpling that squishes flat and slowly springs back. Your new desk buddy.,active
smiley-dumpling-squishy,,,,,,,,"BUY 2, GET 1 FREE",sq-001-b21,200,continue,manual,25.00,51.00,TRUE,TRUE,,,,,,
smiley-dumpling-squishy,,,,,,,,"BUY 3, GET 1 FREE",sq-001-b31,200,continue,manual,35.00,68.00,TRUE,TRUE,,,,,,
smiley-dumpling-squishy,,,,,,,,"BUY 4, GET 2 FREE",sq-001-b42,200,continue,manual,44.00,102.00,TRUE,TRUE,,,,,,
glitter-dumpling-in-steamer-basket,Glitter Dumpling in Steamer Basket,"<p>Glitter-packed dumpling nestled in its own bamboo steamer basket. Sparkly, squeezy, gift-ready.</p><ul><li>Gooey, stretchy texture that squashes flat and snaps back.</li><li>Cool to the touch and endlessly satisfying to knead.</li><li>Suitable for ages 3 and up.</li><li>Small parts — supervise young children.</li></ul>",Squishy Bun,Dumplings,"category:Dumplings, feel:Gooey & stretchy, badge:Gift pick",TRUE,Bundle,BUY ONE,sq-002-b1,200,continue,manual,14.99,20.00,TRUE,TRUE,https://squishy-bun.com/catalog/sq-002.webp,1,Glitter Dumpling in Steamer Basket,Glitter Dumpling in Steamer Basket,"Glitter-packed dumpling nestled in its own bamboo steamer basket. Sparkly, squeezy, gift-ready.",active
glitter-dumpling-in-steamer-basket,,,,,,,,"BUY 2, GET 1 FREE",sq-002-b21,200,continue,manual,28.00,60.00,TRUE,TRUE,,,,,,
glitter-dumpling-in-steamer-basket,,,,,,,,"BUY 3, GET 1 FREE",sq-002-b31,200,continue,manual,40.00,80.00,TRUE,TRUE,,,,,,
glitter-dumpling-in-steamer-basket,,,,,,,,"BUY 4, GET 2 FREE",sq-002-b42,200,continue,manual,51.00,120.00,TRUE,TRUE,,,,,,
golden-mantou-bun-squishy,Golden Mantou Bun Squishy,"<p>A golden, pillowy mantou bun that rises back slowly after every squeeze. Our lowest-priced happy.</p><ul><li>Ultra-soft, slow-rise foam that springs back after every squish.</li><li>Great for quiet fidgeting at a desk or in class.</li><li>Suitable for ages 3 and up.</li><li>Small parts — supervise young children.</li></ul>",Squishy Bun,Bakery & Sweets,"category:Bakery & Sweets, feel:Soft & slow-rise, badge:Starter pick",TRUE,Bundle,BUY ONE,sq-004-b1,200,continue,manual,10.99,15.00,TRUE,TRUE,https://squishy-bun.com/catalog/sq-004.webp,1,Golden Mantou Bun Squishy,Golden Mantou Bun Squishy,"A golden, pillowy mantou bun that rises back slowly after every squeeze. Our lowest-priced happy.",active
golden-mantou-bun-squishy,,,,,,,,"BUY 2, GET 1 FREE",sq-004-b21,200,continue,manual,21.00,45.00,TRUE,TRUE,,,,,,
golden-mantou-bun-squishy,,,,,,,,"BUY 3, GET 1 FREE",sq-004-b31,200,continue,manual,30.00,60.00,TRUE,TRUE,,,,,,
golden-mantou-bun-squishy,,,,,,,,"BUY 4, GET 2 FREE",sq-004-b42,200,continue,manual,37.00,90.00,TRUE,TRUE,,,,,,
sticky-butter-stick-squishy,Sticky Butter Stick Squishy,"<p>A buttery, stick-of-butter squish with a satisfying slow rebound. Weirdly relaxing.</p><ul><li>Ultra-soft, slow-rise foam that springs back after every squish.</li><li>Great for quiet fidgeting at a desk or in class.</li><li>Suitable for ages 3 and up.</li><li>Small parts — supervise young children.</li></ul>",Squishy Bun,Bakery & Sweets,"category:Bakery & Sweets, feel:Soft & slow-rise",TRUE,Bundle,BUY ONE,sq-005-b1,200,continue,manual,12.99,17.00,TRUE,TRUE,https://squishy-bun.com/catalog/sq-005.webp,1,Sticky Butter Stick Squishy,Sticky Butter Stick Squishy,"A buttery, stick-of-butter squish with a satisfying slow rebound. Weirdly relaxing.",active
sticky-butter-stick-squishy,,,,,,,,"BUY 2, GET 1 FREE",sq-005-b21,200,continue,manual,25.00,51.00,TRUE,TRUE,,,,,,
sticky-butter-stick-squishy,,,,,,,,"BUY 3, GET 1 FREE",sq-005-b31,200,continue,manual,35.00,68.00,TRUE,TRUE,,,,,,
sticky-butter-stick-squishy,,,,,,,,"BUY 4, GET 2 FREE",sq-005-b42,200,continue,manual,44.00,102.00,TRUE,TRUE,,,,,,
mochi-daifuku-squishy,Mochi Daifuku Squishy,"<p>Soft, chewy mochi daifuku with a dreamy squish. All the comfort, none of the crumbs.</p><ul><li>Ultra-soft, slow-rise foam that springs back after every squish.</li><li>Great for quiet fidgeting at a desk or in class.</li><li>Suitable for ages 3 and up.</li><li>Small parts — supervise young children.</li></ul>",Squishy Bun,Bakery & Sweets,"category:Bakery & Sweets, feel:Soft & slow-rise",TRUE,Bundle,BUY ONE,sq-009-b1,200,continue,manual,12.99,17.00,TRUE,TRUE,https://squishy-bun.com/catalog/sq-009.webp,1,Mochi Daifuku Squishy,Mochi Daifuku Squishy,"Soft, chewy mochi daifuku with a dreamy squish. All the comfort, none of the crumbs.",active
mochi-daifuku-squishy,,,,,,,,"BUY 2, GET 1 FREE",sq-009-b21,200,continue,manual,25.00,51.00,TRUE,TRUE,,,,,,
mochi-daifuku-squishy,,,,,,,,"BUY 3, GET 1 FREE",sq-009-b31,200,continue,manual,35.00,68.00,TRUE,TRUE,,,,,,
mochi-daifuku-squishy,,,,,,,,"BUY 4, GET 2 FREE",sq-009-b42,200,continue,manual,44.00,102.00,TRUE,TRUE,,,,,,
souffl-cream-squishy,Soufflé Cream Squishy,"<p>A cloud-soft soufflé topped with cream. Slow-rise, super squeezable.</p><ul><li>Ultra-soft, slow-rise foam that springs back after every squish.</li><li>Great for quiet fidgeting at a desk or in class.</li><li>Suitable for ages 3 and up.</li><li>Small parts — supervise young children.</li></ul>",Squishy Bun,Bakery & Sweets,"category:Bakery & Sweets, feel:Soft & slow-rise",TRUE,Bundle,BUY ONE,sq-010-b1,200,continue,manual,12.99,17.00,TRUE,TRUE,https://squishy-bun.com/catalog/sq-010.webp,1,Soufflé Cream Squishy,Soufflé Cream Squishy,"A cloud-soft soufflé topped with cream. Slow-rise, super squeezable.",active
souffl-cream-squishy,,,,,,,,"BUY 2, GET 1 FREE",sq-010-b21,200,continue,manual,25.00,51.00,TRUE,TRUE,,,,,,
souffl-cream-squishy,,,,,,,,"BUY 3, GET 1 FREE",sq-010-b31,200,continue,manual,35.00,68.00,TRUE,TRUE,,,,,,
souffl-cream-squishy,,,,,,,,"BUY 4, GET 2 FREE",sq-010-b42,200,continue,manual,44.00,102.00,TRUE,TRUE,,,,,,
crunchy-popsicle-squishy,Crunchy Popsicle Squishy,<p>Crunchy popsicle squishy with an ASMR crackle. Squeeze it and listen.</p><ul><li>Crunchy ASMR filling that crackles with every squeeze.</li><li>A favorite for sensory play and satisfying sound.</li><li>Suitable for ages 3 and up.</li><li>Small parts — supervise young children.</li></ul>,Squishy Bun,Sensory & ASMR,"category:Sensory & ASMR, feel:Crunchy ASMR, badge:Trending",TRUE,Bundle,BUY ONE,sq-011-b1,200,continue,manual,14.99,20.00,TRUE,TRUE,https://squishy-bun.com/catalog/sq-011.webp,1,Crunchy Popsicle Squishy,Crunchy Popsicle Squishy,Crunchy popsicle squishy with an ASMR crackle. Squeeze it and listen.,active
crunchy-popsicle-squishy,,,,,,,,"BUY 2, GET 1 FREE",sq-011-b21,200,continue,manual,28.00,60.00,TRUE,TRUE,,,,,,
crunchy-popsicle-squishy,,,,,,,,"BUY 3, GET 1 FREE",sq-011-b31,200,continue,manual,40.00,80.00,TRUE,TRUE,,,,,,
crunchy-popsicle-squishy,,,,,,,,"BUY 4, GET 2 FREE",sq-011-b42,200,continue,manual,51.00,120.00,TRUE,TRUE,,,,,,
crystal-ice-cube-squishy,Crystal Ice Cube Squishy,"<p>A clear, wobbly ice cube with a gooey maltose feel. Ultra-satisfying to poke and stretch.</p><ul><li>Gooey, stretchy texture that squashes flat and snaps back.</li><li>Cool to the touch and endlessly satisfying to knead.</li><li>Suitable for ages 3 and up.</li><li>Small parts — supervise young children.</li></ul>",Squishy Bun,Sensory & ASMR,"category:Sensory & ASMR, feel:Gooey & stretchy, badge:Trending",TRUE,Bundle,BUY ONE,sq-017-b1,200,continue,manual,11.99,16.00,TRUE,TRUE,https://squishy-bun.com/catalog/sq-017.webp,1,Crystal Ice Cube Squishy,Crystal Ice Cube Squishy,"A clear, wobbly ice cube with a gooey maltose feel. Ultra-satisfying to poke and stretch.",active
crystal-ice-cube-squishy,,,,,,,,"BUY 2, GET 1 FREE",sq-017-b21,200,continue,manual,23.00,48.00,TRUE,TRUE,,,,,,
crystal-ice-cube-squishy,,,,,,,,"BUY 3, GET 1 FREE",sq-017-b31,200,continue,manual,32.00,64.00,TRUE,TRUE,,,,,,
crystal-ice-cube-squishy,,,,,,,,"BUY 4, GET 2 FREE",sq-017-b42,200,continue,manual,41.00,96.00,TRUE,TRUE,,,,,,
chonky-cat-squishy-hand-painted,Chonky Cat Squishy (Hand-Painted),"<p>Hand-painted chonky cat with a plush, velvety feel. Every one has its own personality.</p><ul><li>Ultra-soft, slow-rise foam that springs back after every squish.</li><li>Great for quiet fidgeting at a desk or in class.</li><li>Suitable for ages 3 and up.</li><li>Small parts — supervise young children.</li></ul>",Squishy Bun,Animals,"category:Animals, feel:Soft & slow-rise, badge:Fan favorite",TRUE,Bundle,BUY ONE,sq-022-b1,200,continue,manual,24.99,33.00,TRUE,TRUE,https://squishy-bun.com/catalog/sq-022.webp,1,Chonky Cat Squishy (Hand-Painted),Chonky Cat Squishy (Hand-Painted),"Hand-painted chonky cat with a plush, velvety feel. Every one has its own personality.",active
chonky-cat-squishy-hand-painted,,,,,,,,"BUY 2, GET 1 FREE",sq-022-b21,200,continue,manual,47.00,99.00,TRUE,TRUE,,,,,,
chonky-cat-squishy-hand-painted,,,,,,,,"BUY 3, GET 1 FREE",sq-022-b31,200,continue,manual,67.00,132.00,TRUE,TRUE,,,,,,
chonky-cat-squishy-hand-painted,,,,,,,,"BUY 4, GET 2 FREE",sq-022-b42,200,continue,manual,85.00,198.00,TRUE,TRUE,,,,,,
bubble-blowing-pet-squishy,Bubble-Blowing Pet Squishy,"<p>A pet squishy that blows a bubble when you squeeze. Guaranteed giggles.</p><ul><li>Ultra-soft, slow-rise foam that springs back after every squish.</li><li>Great for quiet fidgeting at a desk or in class.</li><li>Suitable for ages 3 and up.</li><li>Small parts — supervise young children.</li></ul>",Squishy Bun,Animals,"category:Animals, feel:Soft & slow-rise, badge:Starter pick",TRUE,Bundle,BUY ONE,sq-023-b1,200,continue,manual,10.99,15.00,TRUE,TRUE,https://squishy-bun.com/catalog/sq-023.webp,1,Bubble-Blowing Pet Squishy,Bubble-Blowing Pet Squishy,A pet squishy that blows a bubble when you squeeze. Guaranteed giggles.,active
bubble-blowing-pet-squishy,,,,,,,,"BUY 2, GET 1 FREE",sq-023-b21,200,continue,manual,21.00,45.00,TRUE,TRUE,,,,,,
bubble-blowing-pet-squishy,,,,,,,,"BUY 3, GET 1 FREE",sq-023-b31,200,continue,manual,30.00,60.00,TRUE,TRUE,,,,,,
bubble-blowing-pet-squishy,,,,,,,,"BUY 4, GET 2 FREE",sq-023-b42,200,continue,manual,37.00,90.00,TRUE,TRUE,,,,,,
tongue-out-pup-squishy,Tongue-Out Pup Squishy,"<p>A tongue-out pup with an adorable goofy face and a satisfying squish.</p><ul><li>Ultra-soft, slow-rise foam that springs back after every squish.</li><li>Great for quiet fidgeting at a desk or in class.</li><li>Suitable for ages 3 and up.</li><li>Small parts — supervise young children.</li></ul>",Squishy Bun,Animals,"category:Animals, feel:Soft & slow-rise",TRUE,Bundle,BUY ONE,sq-024-b1,200,continue,manual,12.99,17.00,TRUE,TRUE,https://squishy-bun.com/catalog/sq-024.webp,1,Tongue-Out Pup Squishy,Tongue-Out Pup Squishy,A tongue-out pup with an adorable goofy face and a satisfying squish.,active
tongue-out-pup-squishy,,,,,,,,"BUY 2, GET 1 FREE",sq-024-b21,200,continue,manual,25.00,51.00,TRUE,TRUE,,,,,,
tongue-out-pup-squishy,,,,,,,,"BUY 3, GET 1 FREE",sq-024-b31,200,continue,manual,35.00,68.00,TRUE,TRUE,,,,,,
tongue-out-pup-squishy,,,,,,,,"BUY 4, GET 2 FREE",sq-024-b42,200,continue,manual,44.00,102.00,TRUE,TRUE,,,,,,
mystery-bao-blind-box,Mystery Bao Blind Box,"<p>A mystery bao blind box. Unbox, squish, collect them all.</p><ul><li>Ultra-soft, slow-rise foam that springs back after every squish.</li><li>Great for quiet fidgeting at a desk or in class.</li><li>Suitable for ages 3 and up.</li><li>Small parts — supervise young children.</li></ul>",Squishy Bun,Mystery Minis,"category:Mystery Minis, feel:Soft & slow-rise, badge:Mystery",TRUE,Bundle,BUY ONE,sq-029-b1,200,continue,manual,13.99,19.00,TRUE,TRUE,https://squishy-bun.com/catalog/sq-029.webp,1,Mystery Bao Blind Box,Mystery Bao Blind Box,"A mystery bao blind box. Unbox, squish, collect them all.",active
mystery-bao-blind-box,,,,,,,,"BUY 2, GET 1 FREE",sq-029-b21,200,continue,manual,27.00,57.00,TRUE,TRUE,,,,,,
mystery-bao-blind-box,,,,,,,,"BUY 3, GET 1 FREE",sq-029-b31,200,continue,manual,38.00,76.00,TRUE,TRUE,,,,,,
mystery-bao-blind-box,,,,,,,,"BUY 4, GET 2 FREE",sq-029-b42,200,continue,manual,48.00,114.00,TRUE,TRUE,,,,,,
sparkle-bao-bun-squishy,Sparkle Bao Bun Squishy,"<p>A sparkly bao bun with a dreamy shimmer. Squeeze it, watch it rise, repeat.</p><ul><li>Ultra-soft, slow-rise foam that springs back after every squish.</li><li>Great for quiet fidgeting at a desk or in class.</li><li>Suitable for ages 3 and up.</li><li>Small parts — supervise young children.</li></ul>",Squishy Bun,Dumplings,"category:Dumplings, feel:Soft & slow-rise",TRUE,Bundle,BUY ONE,sq-003-b1,200,continue,manual,13.99,19.00,TRUE,TRUE,https://squishy-bun.com/catalog/sq-003.webp,1,Sparkle Bao Bun Squishy,Sparkle Bao Bun Squishy,"A sparkly bao bun with a dreamy shimmer. Squeeze it, watch it rise, repeat.",active
sparkle-bao-bun-squishy,,,,,,,,"BUY 2, GET 1 FREE",sq-003-b21,200,continue,manual,27.00,57.00,TRUE,TRUE,,,,,,
sparkle-bao-bun-squishy,,,,,,,,"BUY 3, GET 1 FREE",sq-003-b31,200,continue,manual,38.00,76.00,TRUE,TRUE,,,,,,
sparkle-bao-bun-squishy,,,,,,,,"BUY 4, GET 2 FREE",sq-003-b42,200,continue,manual,48.00,114.00,TRUE,TRUE,,,,,,
holiday-butter-squishy,Holiday Butter Squishy,"<p>Festive butter squishy with a holiday twist. Stocking-stuffer energy.</p><ul><li>Ultra-soft, slow-rise foam that springs back after every squish.</li><li>Great for quiet fidgeting at a desk or in class.</li><li>Suitable for ages 3 and up.</li><li>Small parts — supervise young children.</li></ul>",Squishy Bun,Bakery & Sweets,"category:Bakery & Sweets, feel:Soft & slow-rise",TRUE,Bundle,BUY ONE,sq-006-b1,200,continue,manual,14.99,20.00,TRUE,TRUE,https://squishy-bun.com/catalog/sq-006.webp,1,Holiday Butter Squishy,Holiday Butter Squishy,Festive butter squishy with a holiday twist. Stocking-stuffer energy.,active
holiday-butter-squishy,,,,,,,,"BUY 2, GET 1 FREE",sq-006-b21,200,continue,manual,28.00,60.00,TRUE,TRUE,,,,,,
holiday-butter-squishy,,,,,,,,"BUY 3, GET 1 FREE",sq-006-b31,200,continue,manual,40.00,80.00,TRUE,TRUE,,,,,,
holiday-butter-squishy,,,,,,,,"BUY 4, GET 2 FREE",sq-006-b42,200,continue,manual,51.00,120.00,TRUE,TRUE,,,,,,
slow-rise-bakery-squishy-baguette-croissant,Slow-Rise Bakery Squishy (Baguette / Croissant),"<p>Slow-rise bakery squishy in baguette or croissant. It smells like nothing and feels like everything. Random style — one supplied.</p><ul><li>Ultra-soft, slow-rise foam that springs back after every squish.</li><li>Great for quiet fidgeting at a desk or in class.</li><li>Suitable for ages 3 and up.</li><li>Small parts — supervise young children.</li></ul>",Squishy Bun,Bakery & Sweets,"category:Bakery & Sweets, feel:Soft & slow-rise",TRUE,Bundle,BUY ONE,sq-007-b1,200,continue,manual,14.99,20.00,TRUE,TRUE,https://squishy-bun.com/catalog/sq-007.webp,1,Slow-Rise Bakery Squishy (Baguette / Croissant),Slow-Rise Bakery Squishy (Baguette / Croissant),Slow-rise bakery squishy in baguette or croissant. It smells like nothing and feels like everything. Random style — one supplied.,active
slow-rise-bakery-squishy-baguette-croissant,,,,,,,,"BUY 2, GET 1 FREE",sq-007-b21,200,continue,manual,28.00,60.00,TRUE,TRUE,,,,,,
slow-rise-bakery-squishy-baguette-croissant,,,,,,,,"BUY 3, GET 1 FREE",sq-007-b31,200,continue,manual,40.00,80.00,TRUE,TRUE,,,,,,
slow-rise-bakery-squishy-baguette-croissant,,,,,,,,"BUY 4, GET 2 FREE",sq-007-b42,200,continue,manual,51.00,120.00,TRUE,TRUE,,,,,,
mini-toast-squishy,Mini Toast Squishy,"<p>A tiny slice of toast that squishes, stretches and springs back. Perfect in a pocket.</p><ul><li>Ultra-soft, slow-rise foam that springs back after every squish.</li><li>Great for quiet fidgeting at a desk or in class.</li><li>Suitable for ages 3 and up.</li><li>Small parts — supervise young children.</li></ul>",Squishy Bun,Bakery & Sweets,"category:Bakery & Sweets, feel:Soft & slow-rise, badge:Starter pick",TRUE,Bundle,BUY ONE,sq-008-b1,200,continue,manual,10.99,15.00,TRUE,TRUE,https://squishy-bun.com/catalog/sq-008.webp,1,Mini Toast Squishy,Mini Toast Squishy,"A tiny slice of toast that squishes, stretches and springs back. Perfect in a pocket.",active
mini-toast-squishy,,,,,,,,"BUY 2, GET 1 FREE",sq-008-b21,200,continue,manual,21.00,45.00,TRUE,TRUE,,,,,,
mini-toast-squishy,,,,,,,,"BUY 3, GET 1 FREE",sq-008-b31,200,continue,manual,30.00,60.00,TRUE,TRUE,,,,,,
mini-toast-squishy,,,,,,,,"BUY 4, GET 2 FREE",sq-008-b42,200,continue,manual,37.00,90.00,TRUE,TRUE,,,,,,
crunchy-chocolate-squishy,Crunchy Chocolate Squishy,"<p>A chocolate-bar squish with that crunchy, crackly ASMR texture.</p><ul><li>Crunchy ASMR filling that crackles with every squeeze.</li><li>A favorite for sensory play and satisfying sound.</li><li>Suitable for ages 3 and up.</li><li>Small parts — supervise young children.</li></ul>",Squishy Bun,Sensory & ASMR,"category:Sensory & ASMR, feel:Crunchy ASMR, badge:Trending",TRUE,Bundle,BUY ONE,sq-012-b1,200,continue,manual,13.99,19.00,TRUE,TRUE,https://squishy-bun.com/catalog/sq-012.webp,1,Crunchy Chocolate Squishy,Crunchy Chocolate Squishy,"A chocolate-bar squish with that crunchy, crackly ASMR texture.",active
crunchy-chocolate-squishy,,,,,,,,"BUY 2, GET 1 FREE",sq-012-b21,200,continue,manual,27.00,57.00,TRUE,TRUE,,,,,,
crunchy-chocolate-squishy,,,,,,,,"BUY 3, GET 1 FREE",sq-012-b31,200,continue,manual,38.00,76.00,TRUE,TRUE,,,,,,
crunchy-chocolate-squishy,,,,,,,,"BUY 4, GET 2 FREE",sq-012-b42,200,continue,manual,48.00,114.00,TRUE,TRUE,,,,,,
crunchy-peanut-squishy,Crunchy Peanut Squishy,"<p>Tiny crunchy peanut, huge sensory payoff. The cheapest way to get the crackle.</p><ul><li>Crunchy ASMR filling that crackles with every squeeze.</li><li>A favorite for sensory play and satisfying sound.</li><li>Suitable for ages 3 and up.</li><li>Small parts — supervise young children.</li></ul>",Squishy Bun,Sensory & ASMR,"category:Sensory & ASMR, feel:Crunchy ASMR, badge:Trending",TRUE,Bundle,BUY ONE,sq-013-b1,200,continue,manual,10.99,15.00,TRUE,TRUE,https://squishy-bun.com/catalog/sq-013.webp,1,Crunchy Peanut Squishy,Crunchy Peanut Squishy,"Tiny crunchy peanut, huge sensory payoff. The cheapest way to get the crackle.",active
crunchy-peanut-squishy,,,,,,,,"BUY 2, GET 1 FREE",sq-013-b21,200,continue,manual,21.00,45.00,TRUE,TRUE,,,,,,
crunchy-peanut-squishy,,,,,,,,"BUY 3, GET 1 FREE",sq-013-b31,200,continue,manual,30.00,60.00,TRUE,TRUE,,,,,,
crunchy-peanut-squishy,,,,,,,,"BUY 4, GET 2 FREE",sq-013-b42,200,continue,manual,37.00,90.00,TRUE,TRUE,,,,,,
crunchy-brick-squishy,Crunchy Brick Squishy,<p>A crunchy brick squishy for maximum crackle. Great fidget for meetings.</p><ul><li>Crunchy ASMR filling that crackles with every squeeze.</li><li>A favorite for sensory play and satisfying sound.</li><li>Suitable for ages 3 and up.</li><li>Small parts — supervise young children.</li></ul>,Squishy Bun,Sensory & ASMR,"category:Sensory & ASMR, feel:Crunchy ASMR, badge:Trending",TRUE,Bundle,BUY ONE,sq-014-b1,200,continue,manual,12.99,17.00,TRUE,TRUE,https://squishy-bun.com/catalog/sq-014.webp,1,Crunchy Brick Squishy,Crunchy Brick Squishy,A crunchy brick squishy for maximum crackle. Great fidget for meetings.,active
crunchy-brick-squishy,,,,,,,,"BUY 2, GET 1 FREE",sq-014-b21,200,continue,manual,25.00,51.00,TRUE,TRUE,,,,,,
crunchy-brick-squishy,,,,,,,,"BUY 3, GET 1 FREE",sq-014-b31,200,continue,manual,35.00,68.00,TRUE,TRUE,,,,,,
crunchy-brick-squishy,,,,,,,,"BUY 4, GET 2 FREE",sq-014-b42,200,continue,manual,44.00,102.00,TRUE,TRUE,,,,,,
potato-chip-squishy,Potato Chip Squishy,"<p>A potato chip that is fully squishable and calorie-free. Snack-shaped stress relief.</p><ul><li>Ultra-soft, slow-rise foam that springs back after every squish.</li><li>Great for quiet fidgeting at a desk or in class.</li><li>Suitable for ages 3 and up.</li><li>Small parts — supervise young children.</li></ul>",Squishy Bun,Bakery & Sweets,"category:Bakery & Sweets, feel:Soft & slow-rise",TRUE,Bundle,BUY ONE,sq-015-b1,200,continue,manual,12.99,17.00,TRUE,TRUE,https://squishy-bun.com/catalog/sq-015.webp,1,Potato Chip Squishy,Potato Chip Squishy,A potato chip that is fully squishable and calorie-free. Snack-shaped stress relief.,active
potato-chip-squishy,,,,,,,,"BUY 2, GET 1 FREE",sq-015-b21,200,continue,manual,25.00,51.00,TRUE,TRUE,,,,,,
potato-chip-squishy,,,,,,,,"BUY 3, GET 1 FREE",sq-015-b31,200,continue,manual,35.00,68.00,TRUE,TRUE,,,,,,
potato-chip-squishy,,,,,,,,"BUY 4, GET 2 FREE",sq-015-b42,200,continue,manual,44.00,102.00,TRUE,TRUE,,,,,,
mini-pillow-squishy,Mini Pillow Squishy,"<p>A mini pillow squish for the smallest, softest hand fidget.</p><ul><li>Ultra-soft, slow-rise foam that springs back after every squish.</li><li>Great for quiet fidgeting at a desk or in class.</li><li>Suitable for ages 3 and up.</li><li>Small parts — supervise young children.</li></ul>",Squishy Bun,Sensory & ASMR,"category:Sensory & ASMR, feel:Soft & slow-rise, badge:Starter pick",TRUE,Bundle,BUY ONE,sq-016-b1,200,continue,manual,10.99,15.00,TRUE,TRUE,https://squishy-bun.com/catalog/sq-016.webp,1,Mini Pillow Squishy,Mini Pillow Squishy,"A mini pillow squish for the smallest, softest hand fidget.",active
mini-pillow-squishy,,,,,,,,"BUY 2, GET 1 FREE",sq-016-b21,200,continue,manual,21.00,45.00,TRUE,TRUE,,,,,,
mini-pillow-squishy,,,,,,,,"BUY 3, GET 1 FREE",sq-016-b31,200,continue,manual,30.00,60.00,TRUE,TRUE,,,,,,
mini-pillow-squishy,,,,,,,,"BUY 4, GET 2 FREE",sq-016-b42,200,continue,manual,37.00,90.00,TRUE,TRUE,,,,,,
ice-candy-shapes-squishy-heart-drop-star,Ice Candy Shapes Squishy (Heart / Drop / Star),"<p>Ice-candy shapes in heart, drop or star with that squishy, gooey stretch. Random shape — one supplied.</p><ul><li>Gooey, stretchy texture that squashes flat and snaps back.</li><li>Cool to the touch and endlessly satisfying to knead.</li><li>Suitable for ages 3 and up.</li><li>Small parts — supervise young children.</li></ul>",Squishy Bun,Sensory & ASMR,"category:Sensory & ASMR, feel:Gooey & stretchy",TRUE,Bundle,BUY ONE,sq-018-b1,200,continue,manual,12.99,17.00,TRUE,TRUE,https://squishy-bun.com/catalog/sq-018.webp,1,Ice Candy Shapes Squishy (Heart / Drop / Star),Ice Candy Shapes Squishy (Heart / Drop / Star),"Ice-candy shapes in heart, drop or star with that squishy, gooey stretch. Random shape — one supplied.",active
ice-candy-shapes-squishy-heart-drop-star,,,,,,,,"BUY 2, GET 1 FREE",sq-018-b21,200,continue,manual,25.00,51.00,TRUE,TRUE,,,,,,
ice-candy-shapes-squishy-heart-drop-star,,,,,,,,"BUY 3, GET 1 FREE",sq-018-b31,200,continue,manual,35.00,68.00,TRUE,TRUE,,,,,,
ice-candy-shapes-squishy-heart-drop-star,,,,,,,,"BUY 4, GET 2 FREE",sq-018-b42,200,continue,manual,44.00,102.00,TRUE,TRUE,,,,,,
gold-coin-squishy,Gold Coin Squishy,"<p>A shiny gold coin squish with a gooey, stretchy feel. Treasure you can squeeze.</p><ul><li>Gooey, stretchy texture that squashes flat and snaps back.</li><li>Cool to the touch and endlessly satisfying to knead.</li><li>Suitable for ages 3 and up.</li><li>Small parts — supervise young children.</li></ul>",Squishy Bun,Sensory & ASMR,"category:Sensory & ASMR, feel:Gooey & stretchy",TRUE,Bundle,BUY ONE,sq-019-b1,200,continue,manual,12.99,17.00,TRUE,TRUE,https://squishy-bun.com/catalog/sq-019.webp,1,Gold Coin Squishy,Gold Coin Squishy,"A shiny gold coin squish with a gooey, stretchy feel. Treasure you can squeeze.",active
gold-coin-squishy,,,,,,,,"BUY 2, GET 1 FREE",sq-019-b21,200,continue,manual,25.00,51.00,TRUE,TRUE,,,,,,
gold-coin-squishy,,,,,,,,"BUY 3, GET 1 FREE",sq-019-b31,200,continue,manual,35.00,68.00,TRUE,TRUE,,,,,,
gold-coin-squishy,,,,,,,,"BUY 4, GET 2 FREE",sq-019-b42,200,continue,manual,44.00,102.00,TRUE,TRUE,,,,,,
jelly-slush-ball,Jelly Slush Ball,"<p>A jelly slush ball that oozes and squelches in your hand. Sensory heaven.</p><ul><li>Gooey, stretchy texture that squashes flat and snaps back.</li><li>Cool to the touch and endlessly satisfying to knead.</li><li>Suitable for ages 3 and up.</li><li>Small parts — supervise young children.</li></ul>",Squishy Bun,Sensory & ASMR,"category:Sensory & ASMR, feel:Gooey & stretchy",TRUE,Bundle,BUY ONE,sq-020-b1,200,continue,manual,13.99,19.00,TRUE,TRUE,https://squishy-bun.com/catalog/sq-020.webp,1,Jelly Slush Ball,Jelly Slush Ball,A jelly slush ball that oozes and squelches in your hand. Sensory heaven.,active
jelly-slush-ball,,,,,,,,"BUY 2, GET 1 FREE",sq-020-b21,200,continue,manual,27.00,57.00,TRUE,TRUE,,,,,,
jelly-slush-ball,,,,,,,,"BUY 3, GET 1 FREE",sq-020-b31,200,continue,manual,38.00,76.00,TRUE,TRUE,,,,,,
jelly-slush-ball,,,,,,,,"BUY 4, GET 2 FREE",sq-020-b42,200,continue,manual,48.00,114.00,TRUE,TRUE,,,,,,
soap-bar-squishy,Soap Bar Squishy,"<p>A soap bar that is definitely not for washing. Squishy, slippery-smooth, weirdly addictive.</p><ul><li>Gooey, stretchy texture that squashes flat and snaps back.</li><li>Cool to the touch and endlessly satisfying to knead.</li><li>Suitable for ages 3 and up.</li><li>Small parts — supervise young children.</li></ul>",Squishy Bun,Sensory & ASMR,"category:Sensory & ASMR, feel:Gooey & stretchy",TRUE,Bundle,BUY ONE,sq-021-b1,200,continue,manual,13.99,19.00,TRUE,TRUE,https://squishy-bun.com/catalog/sq-021.webp,1,Soap Bar Squishy,Soap Bar Squishy,"A soap bar that is definitely not for washing. Squishy, slippery-smooth, weirdly addictive.",active
soap-bar-squishy,,,,,,,,"BUY 2, GET 1 FREE",sq-021-b21,200,continue,manual,27.00,57.00,TRUE,TRUE,,,,,,
soap-bar-squishy,,,,,,,,"BUY 3, GET 1 FREE",sq-021-b31,200,continue,manual,38.00,76.00,TRUE,TRUE,,,,,,
soap-bar-squishy,,,,,,,,"BUY 4, GET 2 FREE",sq-021-b42,200,continue,manual,48.00,114.00,TRUE,TRUE,,,,,,
pop-eye-dragon-squishy,Pop-Eye Dragon Squishy,"<p>A pop-eye dragon whose eyes bulge when squeezed. Cute and a little ridiculous.</p><ul><li>Ultra-soft, slow-rise foam that springs back after every squish.</li><li>Great for quiet fidgeting at a desk or in class.</li><li>Suitable for ages 3 and up.</li><li>Small parts — supervise young children.</li></ul>",Squishy Bun,Animals,"category:Animals, feel:Soft & slow-rise",TRUE,Bundle,BUY ONE,sq-025-b1,200,continue,manual,11.99,16.00,TRUE,TRUE,https://squishy-bun.com/catalog/sq-025.webp,1,Pop-Eye Dragon Squishy,Pop-Eye Dragon Squishy,A pop-eye dragon whose eyes bulge when squeezed. Cute and a little ridiculous.,active
pop-eye-dragon-squishy,,,,,,,,"BUY 2, GET 1 FREE",sq-025-b21,200,continue,manual,23.00,48.00,TRUE,TRUE,,,,,,
pop-eye-dragon-squishy,,,,,,,,"BUY 3, GET 1 FREE",sq-025-b31,200,continue,manual,32.00,64.00,TRUE,TRUE,,,,,,
pop-eye-dragon-squishy,,,,,,,,"BUY 4, GET 2 FREE",sq-025-b42,200,continue,manual,41.00,96.00,TRUE,TRUE,,,,,,
handmade-bunny-and-carrot-taba-squishy,Handmade Bunny & Carrot Taba Squishy,"<p>Handmade bunny and carrot taba squishy. A premium collectible for the desk shelf.</p><ul><li>Ultra-soft, slow-rise foam that springs back after every squish.</li><li>Great for quiet fidgeting at a desk or in class.</li><li>Suitable for ages 3 and up.</li><li>Small parts — supervise young children.</li></ul>",Squishy Bun,Animals,"category:Animals, feel:Soft & slow-rise, badge:Collector",TRUE,Bundle,BUY ONE,sq-026-b1,200,continue,manual,34.99,47.00,TRUE,TRUE,https://squishy-bun.com/catalog/sq-026.webp,1,Handmade Bunny & Carrot Taba Squishy,Handmade Bunny & Carrot Taba Squishy,Handmade bunny and carrot taba squishy. A premium collectible for the desk shelf.,active
handmade-bunny-and-carrot-taba-squishy,,,,,,,,"BUY 2, GET 1 FREE",sq-026-b21,200,continue,manual,66.00,141.00,TRUE,TRUE,,,,,,
handmade-bunny-and-carrot-taba-squishy,,,,,,,,"BUY 3, GET 1 FREE",sq-026-b31,200,continue,manual,94.00,188.00,TRUE,TRUE,,,,,,
handmade-bunny-and-carrot-taba-squishy,,,,,,,,"BUY 4, GET 2 FREE",sq-026-b42,200,continue,manual,119.00,282.00,TRUE,TRUE,,,,,,
mini-chick-squishies-6-pack,Mini Chick Squishies (6-Pack),"<p>Six mini chicks in one pack. Share them, stash them, or squish all six.</p><ul><li>Ultra-soft, slow-rise foam that springs back after every squish.</li><li>Great for quiet fidgeting at a desk or in class.</li><li>Suitable for ages 3 and up.</li><li>Small parts — supervise young children.</li></ul>",Squishy Bun,Animals,"category:Animals, feel:Soft & slow-rise",TRUE,Bundle,BUY ONE,sq-027-b1,200,continue,manual,12.99,17.00,TRUE,TRUE,https://squishy-bun.com/catalog/sq-027.webp,1,Mini Chick Squishies (6-Pack),Mini Chick Squishies (6-Pack),"Six mini chicks in one pack. Share them, stash them, or squish all six.",active
mini-chick-squishies-6-pack,,,,,,,,"BUY 2, GET 1 FREE",sq-027-b21,200,continue,manual,25.00,51.00,TRUE,TRUE,,,,,,
mini-chick-squishies-6-pack,,,,,,,,"BUY 3, GET 1 FREE",sq-027-b31,200,continue,manual,35.00,68.00,TRUE,TRUE,,,,,,
mini-chick-squishies-6-pack,,,,,,,,"BUY 4, GET 2 FREE",sq-027-b42,200,continue,manual,44.00,102.00,TRUE,TRUE,,,,,,
angel-animal-blind-box-squishy,Angel Animal Blind Box Squishy,"<p>An angel animal blind box: you never know which sweet face you will get.</p><ul><li>Ultra-soft, slow-rise foam that springs back after every squish.</li><li>Great for quiet fidgeting at a desk or in class.</li><li>Suitable for ages 3 and up.</li><li>Small parts — supervise young children.</li></ul>",Squishy Bun,Mystery Minis,"category:Mystery Minis, feel:Soft & slow-rise, badge:Mystery",TRUE,Bundle,BUY ONE,sq-028-b1,200,continue,manual,11.99,16.00,TRUE,TRUE,https://squishy-bun.com/catalog/sq-028.webp,1,Angel Animal Blind Box Squishy,Angel Animal Blind Box Squishy,An angel animal blind box: you never know which sweet face you will get.,active
angel-animal-blind-box-squishy,,,,,,,,"BUY 2, GET 1 FREE",sq-028-b21,200,continue,manual,23.00,48.00,TRUE,TRUE,,,,,,
angel-animal-blind-box-squishy,,,,,,,,"BUY 3, GET 1 FREE",sq-028-b31,200,continue,manual,32.00,64.00,TRUE,TRUE,,,,,,
angel-animal-blind-box-squishy,,,,,,,,"BUY 4, GET 2 FREE",sq-028-b42,200,continue,manual,41.00,96.00,TRUE,TRUE,,,,,,
bakery-squishy-gift-box-5-pcs,Bakery Squishy Gift Box (5 pcs),"<p>Five bakery squishies in one gift box: butter, toast, baguette, mantou and mochi.</p><ul><li>Curated squishy set in gift-ready packaging — no wrapping needed.</li><li>A mix of fan favorites in one happy box.</li><li>Suitable for ages 3 and up.</li><li>Small parts — supervise young children.</li></ul>",Squishy Bun,Boxes & Gift Sets,"category:Boxes & Gift Sets, feel:Gift-ready set, badge:Gift set",TRUE,Title,Default Title,box-bakery-b1,200,continue,manual,34.99,47.00,TRUE,TRUE,https://squishy-bun.com/catalog/box-bakery.webp,1,Bakery Squishy Gift Box (5 pcs),Bakery Squishy Gift Box (5 pcs),"Five bakery squishies in one gift box: butter, toast, baguette, mantou and mochi.",active
crunchy-asmr-squishy-box-4-pcs,Crunchy ASMR Squishy Box (4 pcs),<p>Four crunchy ASMR squishies in one box. Crackle for days.</p><ul><li>Curated squishy set in gift-ready packaging — no wrapping needed.</li><li>A mix of fan favorites in one happy box.</li><li>Suitable for ages 3 and up.</li><li>Small parts — supervise young children.</li></ul>,Squishy Bun,Boxes & Gift Sets,"category:Boxes & Gift Sets, feel:Gift-ready set, badge:Trending",TRUE,Title,Default Title,box-crunch-b1,200,continue,manual,34.99,47.00,TRUE,TRUE,https://squishy-bun.com/catalog/box-crunch.webp,1,Crunchy ASMR Squishy Box (4 pcs),Crunchy ASMR Squishy Box (4 pcs),Four crunchy ASMR squishies in one box. Crackle for days.,active
ice-cube-sensory-box-6-pcs,Ice Cube Sensory Box (6 pcs),<p>Six ice cube squishies for the gooey-texture obsessed. A sensory box.</p><ul><li>Curated squishy set in gift-ready packaging — no wrapping needed.</li><li>A mix of fan favorites in one happy box.</li><li>Suitable for ages 3 and up.</li><li>Small parts — supervise young children.</li></ul>,Squishy Bun,Boxes & Gift Sets,"category:Boxes & Gift Sets, feel:Gift-ready set, badge:Gift set",TRUE,Title,Default Title,box-ice-b1,200,continue,manual,27.99,37.00,TRUE,TRUE,https://squishy-bun.com/catalog/box-ice.webp,1,Ice Cube Sensory Box (6 pcs),Ice Cube Sensory Box (6 pcs),Six ice cube squishies for the gooey-texture obsessed. A sensory box.,active
mystery-squishy-blind-bag-3-pack,Mystery Squishy Blind Bag – 3-Pack,<p>Three surprise squishies in a blind bag. The lucky dip everyone loves.</p><ul><li>Curated squishy set in gift-ready packaging — no wrapping needed.</li><li>A mix of fan favorites in one happy box.</li><li>Suitable for ages 3 and up.</li><li>Small parts — supervise young children.</li></ul>,Squishy Bun,Boxes & Gift Sets,"category:Boxes & Gift Sets, feel:Gift-ready set, badge:Mystery",TRUE,Title,Default Title,box-mystery-3-b1,200,continue,manual,18.99,25.00,TRUE,TRUE,https://squishy-bun.com/catalog/box-mystery-3.webp,1,Mystery Squishy Blind Bag – 3-Pack,Mystery Squishy Blind Bag – 3-Pack,Three surprise squishies in a blind bag. The lucky dip everyone loves.,active
stocking-stuffer-squishy-pack-10-minis,Stocking Stuffer Squishy Pack (10 minis),"<p>Ten mini squishies for stockings, party bags and classroom treats.</p><ul><li>Curated squishy set in gift-ready packaging — no wrapping needed.</li><li>A mix of fan favorites in one happy box.</li><li>Suitable for ages 3 and up.</li><li>Small parts — supervise young children.</li></ul>",Squishy Bun,Boxes & Gift Sets,"category:Boxes & Gift Sets, feel:Gift-ready set, badge:Best value",TRUE,Title,Default Title,box-stocking-10-b1,200,continue,manual,20.99,28.00,TRUE,TRUE,https://squishy-bun.com/catalog/box-stocking-10.webp,1,Stocking Stuffer Squishy Pack (10 minis),Stocking Stuffer Squishy Pack (10 minis),"Ten mini squishies for stockings, party bags and classroom treats.",active
countdown-to-christmas-dumpling-advent-calendar,Countdown to Christmas Dumpling Advent Calendar,<p>A winter-themed calendar with a dumpling squishy behind every door. Count down to the big day.</p><ul><li>Curated squishy set in gift-ready packaging — no wrapping needed.</li><li>A mix of fan favorites in one happy box.</li><li>Suitable for ages 3 and up.</li><li>Small parts — supervise young children.</li></ul>,Squishy Bun,Advent Calendars,"category:Advent Calendars, feel:Gift-ready set, badge:Gift set",TRUE,Title,Default Title,adv-01-b1,200,continue,manual,35.99,48.00,TRUE,TRUE,https://squishy-bun.com/catalog/adv-01.webp,1,Countdown to Christmas Dumpling Advent Calendar,Countdown to Christmas Dumpling Advent Calendar,A winter-themed calendar with a dumpling squishy behind every door. Count down to the big day.,active
mystery-dumpling-advent-calendar-24-squishies,Mystery Dumpling Advent Calendar – 24 Squishies,"<p>24 doors, 24 mystery dumpling squishies. A new surprise every day until Christmas.</p><ul><li>Curated squishy set in gift-ready packaging — no wrapping needed.</li><li>A mix of fan favorites in one happy box.</li><li>Suitable for ages 3 and up.</li><li>Small parts — supervise young children.</li></ul>",Squishy Bun,Advent Calendars,"category:Advent Calendars, feel:Gift-ready set, badge:Gift set",TRUE,Title,Default Title,adv-03-b1,200,continue,manual,37.99,51.00,TRUE,TRUE,https://squishy-bun.com/catalog/adv-03.webp,1,Mystery Dumpling Advent Calendar – 24 Squishies,Mystery Dumpling Advent Calendar – 24 Squishies,"24 doors, 24 mystery dumpling squishies. A new surprise every day until Christmas.",active
ice-cube-squishy-advent-calendar,Ice Cube Squishy Advent Calendar,"<p>24 gooey, translucent ice cube squishies in a bold numbered box. Poke, stretch, repeat.</p><ul><li>Curated squishy set in gift-ready packaging — no wrapping needed.</li><li>A mix of fan favorites in one happy box.</li><li>Suitable for ages 3 and up.</li><li>Small parts — supervise young children.</li></ul>",Squishy Bun,Advent Calendars,"category:Advent Calendars, feel:Gift-ready set, badge:Gift set",TRUE,Title,Default Title,adv-04-b1,200,continue,manual,43.99,59.00,TRUE,TRUE,https://squishy-bun.com/catalog/adv-04.webp,1,Ice Cube Squishy Advent Calendar,Ice Cube Squishy Advent Calendar,"24 gooey, translucent ice cube squishies in a bold numbered box. Poke, stretch, repeat.",active
mystery-bun-advent-calendar,Mystery Bun Advent Calendar,<p>A jungle-themed box of mystery bun squishies and fun surprises. A little happy every day.</p><ul><li>Curated squishy set in gift-ready packaging — no wrapping needed.</li><li>A mix of fan favorites in one happy box.</li><li>Suitable for ages 3 and up.</li><li>Small parts — supervise young children.</li></ul>,Squishy Bun,Advent Calendars,"category:Advent Calendars, feel:Gift-ready set, badge:Big one",TRUE,Title,Default Title,adv-06-b1,200,continue,manual,48.99,65.00,TRUE,TRUE,https://squishy-bun.com/catalog/adv-06.webp,1,Mystery Bun Advent Calendar,Mystery Bun Advent Calendar,A jungle-themed box of mystery bun squishies and fun surprises. A little happy every day.,active
deluxe-mystery-advent-calendar-dumplings-and-cubes,Deluxe Mystery Advent Calendar – Dumplings & Cubes,"<p>Numbered doors hiding a mix of dumpling, bun and cube squishies. The deluxe countdown.</p><ul><li>Curated squishy set in gift-ready packaging — no wrapping needed.</li><li>A mix of fan favorites in one happy box.</li><li>Suitable for ages 3 and up.</li><li>Small parts — supervise young children.</li></ul>",Squishy Bun,Advent Calendars,"category:Advent Calendars, feel:Gift-ready set, badge:Gift set",TRUE,Title,Default Title,adv-09-b1,200,continue,manual,37.99,51.00,TRUE,TRUE,https://squishy-bun.com/catalog/adv-09.webp,1,Deluxe Mystery Advent Calendar – Dumplings & Cubes,Deluxe Mystery Advent Calendar – Dumplings & Cubes,"Numbered doors hiding a mix of dumpling, bun and cube squishies. The deluxe countdown.",active
pink-slow-rise-squishy-gift-set-4-pcs,Pink Slow-Rise Squishy Gift Set (4 pcs),"<p>A pink slow-rise squishy gift set with four pieces. Pretty in the box, fun out of it.</p><ul><li>Curated squishy set in gift-ready packaging — no wrapping needed.</li><li>A mix of fan favorites in one happy box.</li><li>Suitable for ages 3 and up.</li><li>Small parts — supervise young children.</li></ul>",Squishy Bun,Boxes & Gift Sets,"category:Boxes & Gift Sets, feel:Gift-ready set, badge:Gift set",TRUE,Title,Default Title,gift-01-b1,200,continue,manual,34.99,47.00,TRUE,TRUE,https://squishy-bun.com/catalog/gift-01.webp,1,Pink Slow-Rise Squishy Gift Set (4 pcs),Pink Slow-Rise Squishy Gift Set (4 pcs),"A pink slow-rise squishy gift set with four pieces. Pretty in the box, fun out of it.",active
magic-book-poke-box-squishy-surprise,Magic Book Poke Box Squishy Surprise,"<p>A magic-book poke box with a squishy surprise inside. Fun to open, fun to keep.</p><ul><li>Curated squishy set in gift-ready packaging — no wrapping needed.</li><li>A mix of fan favorites in one happy box.</li><li>Suitable for ages 3 and up.</li><li>Small parts — supervise young children.</li></ul>",Squishy Bun,Boxes & Gift Sets,"category:Boxes & Gift Sets, feel:Gift-ready set, badge:Gift set",TRUE,Title,Default Title,gift-02-b1,200,continue,manual,34.99,47.00,TRUE,TRUE,https://squishy-bun.com/catalog/gift-02.webp,1,Magic Book Poke Box Squishy Surprise,Magic Book Poke Box Squishy Surprise,"A magic-book poke box with a squishy surprise inside. Fun to open, fun to keep.",active
christmas-squishy-gift-box,Christmas Squishy Gift Box,"<p>A Christmas squishy gift box, ready to wrap. Easy holiday present.</p><ul><li>Curated squishy set in gift-ready packaging — no wrapping needed.</li><li>A mix of fan favorites in one happy box.</li><li>Suitable for ages 3 and up.</li><li>Small parts — supervise young children.</li></ul>",Squishy Bun,Boxes & Gift Sets,"category:Boxes & Gift Sets, feel:Gift-ready set, badge:Gift set",TRUE,Title,Default Title,gift-03-b1,200,continue,manual,32.99,44.00,TRUE,TRUE,https://squishy-bun.com/catalog/gift-03.webp,1,Christmas Squishy Gift Box,Christmas Squishy Gift Box,"A Christmas squishy gift box, ready to wrap. Easy holiday present.",active
christmas-tree-and-santa-maltose-squishy-set,Christmas Tree & Santa Maltose Squishy Set,<p>A Christmas tree and Santa maltose squishy set. Gooey festive cheer.</p><ul><li>Curated squishy set in gift-ready packaging — no wrapping needed.</li><li>A mix of fan favorites in one happy box.</li><li>Suitable for ages 3 and up.</li><li>Small parts — supervise young children.</li></ul>,Squishy Bun,Boxes & Gift Sets,"category:Boxes & Gift Sets, feel:Gift-ready set, badge:Gift set",TRUE,Title,Default Title,gift-04-b1,200,continue,manual,13.99,19.00,TRUE,TRUE,https://squishy-bun.com/catalog/gift-04.webp,1,Christmas Tree & Santa Maltose Squishy Set,Christmas Tree & Santa Maltose Squishy Set,A Christmas tree and Santa maltose squishy set. Gooey festive cheer.,active
santa-maltose-squishy-gift-box,Santa Maltose Squishy Gift Box,"<p>A Santa maltose squishy in a gift box. Jolly, stretchy, cute.</p><ul><li>Curated squishy set in gift-ready packaging — no wrapping needed.</li><li>A mix of fan favorites in one happy box.</li><li>Suitable for ages 3 and up.</li><li>Small parts — supervise young children.</li></ul>",Squishy Bun,Boxes & Gift Sets,"category:Boxes & Gift Sets, feel:Gift-ready set, badge:Gift set",TRUE,Title,Default Title,gift-05-b1,200,continue,manual,18.99,25.00,TRUE,TRUE,https://squishy-bun.com/catalog/gift-05.webp,1,Santa Maltose Squishy Gift Box,Santa Maltose Squishy Gift Box,"A Santa maltose squishy in a gift box. Jolly, stretchy, cute.",active
christmas-bun-squishy-gift-box,Christmas Bun Squishy Gift Box,"<p>A Christmas bun squishy in a gift box. Soft, festive, giftable.</p><ul><li>Curated squishy set in gift-ready packaging — no wrapping needed.</li><li>A mix of fan favorites in one happy box.</li><li>Suitable for ages 3 and up.</li><li>Small parts — supervise young children.</li></ul>",Squishy Bun,Boxes & Gift Sets,"category:Boxes & Gift Sets, feel:Gift-ready set, badge:Gift set",TRUE,Title,Default Title,gift-06-b1,200,continue,manual,13.99,19.00,TRUE,TRUE,https://squishy-bun.com/catalog/gift-06.webp,1,Christmas Bun Squishy Gift Box,Christmas Bun Squishy Gift Box,"A Christmas bun squishy in a gift box. Soft, festive, giftable.",active
halloween-bun-squishy-gift-box,Halloween Bun Squishy Gift Box,<p>A Halloween bun squishy gift box. A spooky-cute treat.</p><ul><li>Curated squishy set in gift-ready packaging — no wrapping needed.</li><li>A mix of fan favorites in one happy box.</li><li>Suitable for ages 3 and up.</li><li>Small parts — supervise young children.</li></ul>,Squishy Bun,Boxes & Gift Sets,"category:Boxes & Gift Sets, feel:Gift-ready set, badge:Gift set",TRUE,Title,Default Title,gift-07-b1,200,continue,manual,13.99,19.00,TRUE,TRUE,https://squishy-bun.com/catalog/gift-07.webp,1,Halloween Bun Squishy Gift Box,Halloween Bun Squishy Gift Box,A Halloween bun squishy gift box. A spooky-cute treat.,active
reindeer-antler-bead-bun-squishy,Reindeer Antler Bead Bun Squishy,<p>A reindeer antler bead bun squishy. A cute festive novelty.</p><ul><li>Curated squishy set in gift-ready packaging — no wrapping needed.</li><li>A mix of fan favorites in one happy box.</li><li>Suitable for ages 3 and up.</li><li>Small parts — supervise young children.</li></ul>,Squishy Bun,Boxes & Gift Sets,"category:Boxes & Gift Sets, feel:Gift-ready set, badge:Gift set",TRUE,Title,Default Title,gift-08-b1,200,continue,manual,12.99,17.00,TRUE,TRUE,https://squishy-bun.com/catalog/gift-08.webp,1,Reindeer Antler Bead Bun Squishy,Reindeer Antler Bead Bun Squishy,A reindeer antler bead bun squishy. A cute festive novelty.,active
squishy-advent-calendar-24-days,Squishy Advent Calendar – 24 Days of Squish,"<p>Squishy Advent Calendar – 24 Days of Squish — a day-by-day squishy countdown packed with collectible surprises. Open a door, squish a new friend.</p><ul><li>Ultra-soft, slow-rise foam that springs back after every squish.</li><li>Great for quiet fidgeting at a desk or in class.</li><li>Suitable for ages 3 and up.</li><li>Small parts — supervise young children.</li></ul>",Squishy Bun,Advent Calendars,"category:Advent Calendars, feel:Soft & slow-rise, badge:The complete collection",TRUE,Title,Default Title,box-adv-24-b1,200,continue,manual,29.99,40.00,TRUE,TRUE,https://squishy-bun.com/catalog/box-adv-24.webp,1,Squishy Advent Calendar – 24 Days of Squish,Squishy Advent Calendar – 24 Days of Squish,"Squishy Advent Calendar – 24 Days of Squish — a day-by-day squishy countdown packed with collectible surprises. Open a door, squish a new friend.",active
reindeer-snowman-squishy-advent-calendar,Reindeer & Snowman Squishy Advent Calendar (Poke Box),"<p>Reindeer & Snowman Squishy Advent Calendar (Poke Box) — a day-by-day squishy countdown packed with collectible surprises. Open a door, squish a new friend.</p><ul><li>Ultra-soft, slow-rise foam that springs back after every squish.</li><li>Great for quiet fidgeting at a desk or in class.</li><li>Suitable for ages 3 and up.</li><li>Small parts — supervise young children.</li></ul>",Squishy Bun,Advent Calendars,"category:Advent Calendars, feel:Soft & slow-rise, badge:The complete collection",TRUE,Title,Default Title,adv-02-b1,200,continue,manual,24.99,33.00,TRUE,TRUE,https://squishy-bun.com/catalog/adv-02.webp,1,Reindeer & Snowman Squishy Advent Calendar (Poke Box),Reindeer & Snowman Squishy Advent Calendar (Poke Box),"Reindeer & Snowman Squishy Advent Calendar (Poke Box) — a day-by-day squishy countdown packed with collectible surprises. Open a door, squish a new friend.",active
ice-cube-squishy-advent-calendar-2026,Ice Cube Squishy Advent Calendar 2026,"<p>Ice Cube Squishy Advent Calendar 2026 — a day-by-day squishy countdown packed with collectible surprises. Open a door, squish a new friend.</p><ul><li>Ultra-soft, slow-rise foam that springs back after every squish.</li><li>Great for quiet fidgeting at a desk or in class.</li><li>Suitable for ages 3 and up.</li><li>Small parts — supervise young children.</li></ul>",Squishy Bun,Advent Calendars,"category:Advent Calendars, feel:Soft & slow-rise, badge:The complete collection",TRUE,Title,Default Title,adv-05-b1,200,continue,manual,32.99,44.00,TRUE,TRUE,https://squishy-bun.com/catalog/adv-05.webp,1,Ice Cube Squishy Advent Calendar 2026,Ice Cube Squishy Advent Calendar 2026,"Ice Cube Squishy Advent Calendar 2026 — a day-by-day squishy countdown packed with collectible surprises. Open a door, squish a new friend.",active
viral-bun-squishy-advent-calendar,Viral Bun Squishy Advent Calendar,"<p>Viral Bun Squishy Advent Calendar — a day-by-day squishy countdown packed with collectible surprises. Open a door, squish a new friend.</p><ul><li>Ultra-soft, slow-rise foam that springs back after every squish.</li><li>Great for quiet fidgeting at a desk or in class.</li><li>Suitable for ages 3 and up.</li><li>Small parts — supervise young children.</li></ul>",Squishy Bun,Advent Calendars,"category:Advent Calendars, feel:Soft & slow-rise, badge:The complete collection",TRUE,Title,Default Title,adv-07-b1,200,continue,manual,24.99,33.00,TRUE,TRUE,https://squishy-bun.com/catalog/adv-07.webp,1,Viral Bun Squishy Advent Calendar,Viral Bun Squishy Advent Calendar,"Viral Bun Squishy Advent Calendar — a day-by-day squishy countdown packed with collectible surprises. Open a door, squish a new friend.",active
24-day-christmas-bun-squishy-set,24-Day Christmas Bun Squishy Set,"<p>24-Day Christmas Bun Squishy Set — a day-by-day squishy countdown packed with collectible surprises. Open a door, squish a new friend.</p><ul><li>Ultra-soft, slow-rise foam that springs back after every squish.</li><li>Great for quiet fidgeting at a desk or in class.</li><li>Suitable for ages 3 and up.</li><li>Small parts — supervise young children.</li></ul>",Squishy Bun,Advent Calendars,"category:Advent Calendars, feel:Soft & slow-rise, badge:The complete collection",TRUE,Title,Default Title,adv-08-b1,200,continue,manual,27.99,37.00,TRUE,TRUE,https://squishy-bun.com/catalog/adv-08.webp,1,24-Day Christmas Bun Squishy Set,24-Day Christmas Bun Squishy Set,"24-Day Christmas Bun Squishy Set — a day-by-day squishy countdown packed with collectible surprises. Open a door, squish a new friend.",active
pull-tab-squishy-advent-calendar,Pull-Tab Squishy Advent Calendar,"<p>Pull-Tab Squishy Advent Calendar — a day-by-day squishy countdown packed with collectible surprises. Open a door, squish a new friend.</p><ul><li>Ultra-soft, slow-rise foam that springs back after every squish.</li><li>Great for quiet fidgeting at a desk or in class.</li><li>Suitable for ages 3 and up.</li><li>Small parts — supervise young children.</li></ul>",Squishy Bun,Advent Calendars,"category:Advent Calendars, feel:Soft & slow-rise, badge:The complete collection",TRUE,Title,Default Title,adv-10-b1,200,continue,manual,19.99,27.00,TRUE,TRUE,https://squishy-bun.com/catalog/adv-10.webp,1,Pull-Tab Squishy Advent Calendar,Pull-Tab Squishy Advent Calendar,"Pull-Tab Squishy Advent Calendar — a day-by-day squishy countdown packed with collectible surprises. Open a door, squish a new friend.",active
